<alloy builddate="2012-09-25 15:54 EDT">

<instance bitwidth="2" maxseq="0" command="Run  for 0 but 2 int, 2 HSM.ecore@StateMachine, 3 HSM.ecore@Transition, 4 HSM.ecore@State, 2 HSM.ecore@CompositeState, exactly 4 String" filename="">

<sig label="seq/Int" ID="0" parentID="1" builtin="yes">
</sig>

<sig label="Int" ID="1" parentID="2" builtin="yes">
</sig>

<sig label="String" ID="3" parentID="2" builtin="yes">
   <atom label="A"/>
   <atom label="B"/>
   <atom label="&quot;String0&quot;"/>
   <atom label="Child"/>
</sig>

<sig label="models/HSM2NHSM/HSM.ecore@Transition_4_" ID="4" parentID="5" one="yes">
   <atom label="models/HSM2NHSM/HSM.ecore@Transition_4_$0"/>
</sig>

<sig label="models/HSM2NHSM/HSM.ecore@Transition_5_" ID="6" parentID="5" one="yes">
   <atom label="models/HSM2NHSM/HSM.ecore@Transition_5_$0"/>
</sig>

<sig label="models/HSM2NHSM/HSM.ecore@Transition" ID="5" parentID="2">
</sig>

<field label="models/HSM2NHSM/HSM.ecore@Transition@" ID="7" parentID="5">
   <tuple> <atom label="models/HSM2NHSM/HSM.ecore@Transition_4_$0"/> <atom label="models/HSM2NHSM/HSM_example.xmi$0"/> </tuple>
   <tuple> <atom label="models/HSM2NHSM/HSM.ecore@Transition_4_$0"/> <atom label="&apos;models/HSM2NHSM/HSM_example.xmi$0"/> </tuple>
   <tuple> <atom label="models/HSM2NHSM/HSM.ecore@Transition_5_$0"/> <atom label="models/HSM2NHSM/HSM_example.xmi$0"/> </tuple>
   <tuple> <atom label="models/HSM2NHSM/HSM.ecore@Transition_5_$0"/> <atom label="&apos;models/HSM2NHSM/HSM_example.xmi$0"/> </tuple>
   <types> <type ID="5"/> <type ID="8"/> </types>
</field>

<field label="models/HSM2NHSM/HSM.ecore@source" ID="9" parentID="5">
   <tuple> <atom label="models/HSM2NHSM/HSM.ecore@Transition_4_$0"/> <atom label="models/HSM2NHSM/HSM.ecore@State_2_$0"/> <atom label="models/HSM2NHSM/HSM_example.xmi$0"/> </tuple>
   <tuple> <atom label="models/HSM2NHSM/HSM.ecore@Transition_4_$0"/> <atom label="models/HSM2NHSM/HSM.ecore@State_2_$0"/> <atom label="&apos;models/HSM2NHSM/HSM_example.xmi$0"/> </tuple>
   <tuple> <atom label="models/HSM2NHSM/HSM.ecore@Transition_5_$0"/> <atom label="models/HSM2NHSM/HSM.ecore@State_3_$0"/> <atom label="models/HSM2NHSM/HSM_example.xmi$0"/> </tuple>
   <tuple> <atom label="models/HSM2NHSM/HSM.ecore@Transition_5_$0"/> <atom label="models/HSM2NHSM/HSM.ecore@State_3_$0"/> <atom label="&apos;models/HSM2NHSM/HSM_example.xmi$0"/> </tuple>
   <types> <type ID="5"/> <type ID="10"/> <type ID="8"/> </types>
</field>

<field label="models/HSM2NHSM/HSM.ecore@target" ID="11" parentID="5">
   <tuple> <atom label="models/HSM2NHSM/HSM.ecore@Transition_4_$0"/> <atom label="models/HSM2NHSM/HSM.ecore@State_2_$0"/> <atom label="&apos;models/HSM2NHSM/HSM_example.xmi$0"/> </tuple>
   <tuple> <atom label="models/HSM2NHSM/HSM.ecore@Transition_5_$0"/> <atom label="models/HSM2NHSM/HSM.ecore@State_3_$0"/> <atom label="models/HSM2NHSM/HSM_example.xmi$0"/> </tuple>
   <tuple> <atom label="models/HSM2NHSM/HSM.ecore@Transition_5_$0"/> <atom label="models/HSM2NHSM/HSM.ecore@State_3_$0"/> <atom label="&apos;models/HSM2NHSM/HSM_example.xmi$0"/> </tuple>
   <types> <type ID="5"/> <type ID="10"/> <type ID="8"/> </types>
</field>

<sig label="models/HSM2NHSM/HSM.ecore@StateMachine_0_" ID="12" parentID="13" one="yes">
   <atom label="models/HSM2NHSM/HSM.ecore@StateMachine_0_$0"/>
</sig>

<sig label="models/HSM2NHSM/HSM.ecore@StateMachine" ID="13" parentID="2">
</sig>

<field label="models/HSM2NHSM/HSM.ecore@StateMachine@" ID="14" parentID="13">
   <tuple> <atom label="models/HSM2NHSM/HSM.ecore@StateMachine_0_$0"/> <atom label="models/HSM2NHSM/HSM_example.xmi$0"/> </tuple>
   <tuple> <atom label="models/HSM2NHSM/HSM.ecore@StateMachine_0_$0"/> <atom label="&apos;models/HSM2NHSM/HSM_example.xmi$0"/> </tuple>
   <types> <type ID="13"/> <type ID="8"/> </types>
</field>

<field label="models/HSM2NHSM/HSM.ecore@states" ID="15" parentID="13">
   <tuple> <atom label="models/HSM2NHSM/HSM.ecore@StateMachine_0_$0"/> <atom label="models/HSM2NHSM/HSM.ecore@CompositeState_1_$0"/> <atom label="models/HSM2NHSM/HSM_example.xmi$0"/> </tuple>
   <tuple> <atom label="models/HSM2NHSM/HSM.ecore@StateMachine_0_$0"/> <atom label="models/HSM2NHSM/HSM.ecore@CompositeState_1_$0"/> <atom label="&apos;models/HSM2NHSM/HSM_example.xmi$0"/> </tuple>
   <tuple> <atom label="models/HSM2NHSM/HSM.ecore@StateMachine_0_$0"/> <atom label="models/HSM2NHSM/HSM.ecore@State_2_$0"/> <atom label="models/HSM2NHSM/HSM_example.xmi$0"/> </tuple>
   <tuple> <atom label="models/HSM2NHSM/HSM.ecore@StateMachine_0_$0"/> <atom label="models/HSM2NHSM/HSM.ecore@State_2_$0"/> <atom label="&apos;models/HSM2NHSM/HSM_example.xmi$0"/> </tuple>
   <tuple> <atom label="models/HSM2NHSM/HSM.ecore@StateMachine_0_$0"/> <atom label="models/HSM2NHSM/HSM.ecore@State_3_$0"/> <atom label="models/HSM2NHSM/HSM_example.xmi$0"/> </tuple>
   <tuple> <atom label="models/HSM2NHSM/HSM.ecore@StateMachine_0_$0"/> <atom label="models/HSM2NHSM/HSM.ecore@State_3_$0"/> <atom label="&apos;models/HSM2NHSM/HSM_example.xmi$0"/> </tuple>
   <types> <type ID="13"/> <type ID="10"/> <type ID="8"/> </types>
</field>

<field label="models/HSM2NHSM/HSM.ecore@transitions" ID="16" parentID="13">
   <tuple> <atom label="models/HSM2NHSM/HSM.ecore@StateMachine_0_$0"/> <atom label="models/HSM2NHSM/HSM.ecore@Transition_4_$0"/> <atom label="models/HSM2NHSM/HSM_example.xmi$0"/> </tuple>
   <tuple> <atom label="models/HSM2NHSM/HSM.ecore@StateMachine_0_$0"/> <atom label="models/HSM2NHSM/HSM.ecore@Transition_4_$0"/> <atom label="&apos;models/HSM2NHSM/HSM_example.xmi$0"/> </tuple>
   <tuple> <atom label="models/HSM2NHSM/HSM.ecore@StateMachine_0_$0"/> <atom label="models/HSM2NHSM/HSM.ecore@Transition_5_$0"/> <atom label="models/HSM2NHSM/HSM_example.xmi$0"/> </tuple>
   <tuple> <atom label="models/HSM2NHSM/HSM.ecore@StateMachine_0_$0"/> <atom label="models/HSM2NHSM/HSM.ecore@Transition_5_$0"/> <atom label="&apos;models/HSM2NHSM/HSM_example.xmi$0"/> </tuple>
   <types> <type ID="13"/> <type ID="5"/> <type ID="8"/> </types>
</field>

<sig label="models/HSM2NHSM/HSM.ecore@CompositeState_1_" ID="17" parentID="18" one="yes">
   <atom label="models/HSM2NHSM/HSM.ecore@CompositeState_1_$0"/>
</sig>

<sig label="models/HSM2NHSM/HSM.ecore@CompositeState" ID="18" parentID="10">
</sig>

<field label="models/HSM2NHSM/HSM.ecore@CompositeState@" ID="19" parentID="18">
   <tuple> <atom label="models/HSM2NHSM/HSM.ecore@CompositeState_1_$0"/> <atom label="models/HSM2NHSM/HSM_example.xmi$0"/> </tuple>
   <tuple> <atom label="models/HSM2NHSM/HSM.ecore@CompositeState_1_$0"/> <atom label="&apos;models/HSM2NHSM/HSM_example.xmi$0"/> </tuple>
   <types> <type ID="18"/> <type ID="8"/> </types>
</field>

<sig label="models/HSM2NHSM/HSM.ecore@State_2_" ID="20" parentID="10" one="yes">
   <atom label="models/HSM2NHSM/HSM.ecore@State_2_$0"/>
</sig>

<sig label="models/HSM2NHSM/HSM.ecore@State_3_" ID="21" parentID="10" one="yes">
   <atom label="models/HSM2NHSM/HSM.ecore@State_3_$0"/>
</sig>

<sig label="models/HSM2NHSM/HSM.ecore@State" ID="10" parentID="2">
</sig>

<field label="models/HSM2NHSM/HSM.ecore@State@" ID="22" parentID="10">
   <tuple> <atom label="models/HSM2NHSM/HSM.ecore@CompositeState_1_$0"/> <atom label="models/HSM2NHSM/HSM_example.xmi$0"/> </tuple>
   <tuple> <atom label="models/HSM2NHSM/HSM.ecore@CompositeState_1_$0"/> <atom label="&apos;models/HSM2NHSM/HSM_example.xmi$0"/> </tuple>
   <tuple> <atom label="models/HSM2NHSM/HSM.ecore@State_2_$0"/> <atom label="models/HSM2NHSM/HSM_example.xmi$0"/> </tuple>
   <tuple> <atom label="models/HSM2NHSM/HSM.ecore@State_2_$0"/> <atom label="&apos;models/HSM2NHSM/HSM_example.xmi$0"/> </tuple>
   <tuple> <atom label="models/HSM2NHSM/HSM.ecore@State_3_$0"/> <atom label="models/HSM2NHSM/HSM_example.xmi$0"/> </tuple>
   <tuple> <atom label="models/HSM2NHSM/HSM.ecore@State_3_$0"/> <atom label="&apos;models/HSM2NHSM/HSM_example.xmi$0"/> </tuple>
   <types> <type ID="10"/> <type ID="8"/> </types>
</field>

<field label="models/HSM2NHSM/HSM.ecore@name" ID="23" parentID="10">
   <tuple> <atom label="models/HSM2NHSM/HSM.ecore@CompositeState_1_$0"/> <atom label="A"/> <atom label="models/HSM2NHSM/HSM_example.xmi$0"/> </tuple>
   <tuple> <atom label="models/HSM2NHSM/HSM.ecore@CompositeState_1_$0"/> <atom label="A"/> <atom label="&apos;models/HSM2NHSM/HSM_example.xmi$0"/> </tuple>
   <tuple> <atom label="models/HSM2NHSM/HSM.ecore@State_2_$0"/> <atom label="Child"/> <atom label="models/HSM2NHSM/HSM_example.xmi$0"/> </tuple>
   <tuple> <atom label="models/HSM2NHSM/HSM.ecore@State_2_$0"/> <atom label="Child"/> <atom label="&apos;models/HSM2NHSM/HSM_example.xmi$0"/> </tuple>
   <tuple> <atom label="models/HSM2NHSM/HSM.ecore@State_3_$0"/> <atom label="B"/> <atom label="models/HSM2NHSM/HSM_example.xmi$0"/> </tuple>
   <tuple> <atom label="models/HSM2NHSM/HSM.ecore@State_3_$0"/> <atom label="B"/> <atom label="&apos;models/HSM2NHSM/HSM_example.xmi$0"/> </tuple>
   <types> <type ID="10"/> <type ID="3"/> <type ID="8"/> </types>
</field>

<field label="models/HSM2NHSM/HSM.ecore@owner" ID="24" parentID="10">
   <tuple> <atom label="models/HSM2NHSM/HSM.ecore@State_2_$0"/> <atom label="models/HSM2NHSM/HSM.ecore@CompositeState_1_$0"/> <atom label="models/HSM2NHSM/HSM_example.xmi$0"/> </tuple>
   <tuple> <atom label="models/HSM2NHSM/HSM.ecore@State_2_$0"/> <atom label="models/HSM2NHSM/HSM.ecore@CompositeState_1_$0"/> <atom label="&apos;models/HSM2NHSM/HSM_example.xmi$0"/> </tuple>
   <types> <type ID="10"/> <type ID="18"/> <type ID="8"/> </types>
</field>

<sig label="models/HSM2NHSM/HSM_example.xmi" ID="25" parentID="26" one="yes">
   <atom label="models/HSM2NHSM/HSM_example.xmi$0"/>
</sig>

<sig label="&apos;models/HSM2NHSM/HSM_example.xmi" ID="27" parentID="26" one="yes">
   <atom label="&apos;models/HSM2NHSM/HSM_example.xmi$0"/>
</sig>

<sig label="models/HSM2NHSM/HSM.ecore" ID="26" parentID="8" abstract="yes">
</sig>

<sig label="State@" ID="8" parentID="2" abstract="yes">
</sig>

<sig label="univ" ID="2" builtin="yes">
</sig>

</instance>

</alloy>
